VIXCLS,INDPRO,AAA,CPIAUCSL,FEDFUNDS,monthly_return
0.9999999999999999,-0.4499427650324975,0.15862134319274548,-0.13592942420062112,-0.16052414525055908,-0.3928128227102121
-0.4499427650324975,1,-0.492433392153075,0.6821807470967803,0.17672829822491695,0.012001750619349666
0.15862134319274548,-0.492433392153075,1,-0.6236524857083007,0.5828874909764334,-0.17333036215020428
-0.13592942420062112,0.6821807470967803,-0.6236524857083007,1,-0.025709657536876533,0.11375186981776098
-0.16052414525055908,0.17672829822491695,0.5828874909764334,-0.025709657536876533,1,-0.061811352286281165
-0.3928128227102121,0.012001750619349666,-0.17333036215020428,0.11375186981776098,-0.061811352286281165,1
