VIXCLS,AAA,PAYEMS,M2SL,UNRATE,monthly_return
0.9999999999999999,0.15862134319274548,-0.22985152345848542,-0.09068599318635516,0.3025036672462865,-0.3928128227102121
0.15862134319274548,1,-0.4740516192828493,-0.6559842492939856,-0.12692803580496775,-0.17333036215020428
-0.22985152345848542,-0.4740516192828493,1,0.8849673937512705,-0.6035872866549378,0.03736857918827865
-0.09068599318635516,-0.6559842492939856,0.8849673937512705,1,-0.25702578611047433,0.11380191403167825
0.3025036672462865,-0.12692803580496775,-0.6035872866549378,-0.25702578611047433,1,0.13769277791794632
-0.3928128227102121,-0.17333036215020428,0.03736857918827865,0.11380191403167825,0.13769277791794632,1
