variable,original_skewness,log_skewness,sqrt_skewness,best_transformation
CPIAUCSL,0.5029718681121423,0.17984807958222299,0.3403733395423435,log
FEDFUNDS,0.8000364175683833,-0.2241992675858054,0.3177504232838474,log
INDPRO,-0.5841811465105545,-0.6540520228341117,-0.6187637928672246,none
VIXCLS,1.7209063695555835,0.6001163206066011,1.0961431692057522,log
